Chromosome,Position,Position,Reference,Alternate,Source,Filters - exomes,Filters - genomes,Consequence,Protein Consequence,Transcript Consequence,Annotation,Flags,Allele Count,Allele Number,Allele Frequency,Homozygote Count,Hemizygote Count,Allele Count African,Allele Number African,Homozygote Count African,Hemizygote Count African,Allele Count Latino,Allele Number Latino,Homozygote Count Latino,Hemizygote Count Latino,Allele Count Ashkenazi Jewish,Allele Number Ashkenazi Jewish,Homozygote Count Ashkenazi Jewish,Hemizygote Count Ashkenazi Jewish,Allele Count East Asian,Allele Number East Asian,Homozygote Count East Asian,Hemizygote Count East Asian,Allele Count European (Finnish),Allele Number European (Finnish),Homozygote Count European (Finnish),Hemizygote Count European (Finnish),Allele Count European (non-Finnish),Allele Number European (non-Finnish),Homozygote Count European (non-Finnish),Hemizygote Count European (non-Finnish),Allele Count Other,Allele Number Other,Homozygote Count Other,Hemizygote Count Other,Allele Count South Asian,Allele Number South Asian,Homozygote Count South Asian,Hemizygote Count South Asian
15,25653788,25653788,T,C,"gnomAD Exomes,gnomAD Genomes",PASS,PASS,p.Lys3Arg,p.Lys3Arg,c.8A>G,missense_variant,,2,280442,7.1316E-06,0,0,0,24198,0,0,0,35358,0,0,0,10350,0,0,0,19530,0,0,0,24992,0,0,2,128292,0,0,0,7128,0,0,0,30594,0,0
15,25653787,25653787,C,G,gnomAD Exomes,PASS,NA,p.Lys3Asn,p.Lys3Asn,c.9G>C,missense_variant,,1,249016,4.01581E-06,0,0,0,15484,0,0,0,34506,0,0,0,10060,0,0,0,17972,0,0,0,21508,0,0,1,112852,0,0,0,6040,0,0,0,30594,0,0
15,25653783,25653783,G,A,gnomAD Exomes,PASS,NA,p.His5Tyr,p.His5Tyr,c.13C>T,missense_variant,,1,249060,4.0151E-06,0,0,0,15484,0,0,0,34510,0,0,0,10062,0,0,0,17972,0,0,0,21522,0,0,1,112872,0,0,0,6044,0,0,0,30594,0,0
15,25653771,25653771,A,G,gnomAD Exomes,PASS,NA,p.Trp9Arg,p.Trp9Arg,c.25T>C,missense_variant,,2,249154,8.02716E-06,0,0,0,15486,0,0,0,34512,0,0,0,10064,0,0,0,17972,0,0,0,21530,0,0,1,112948,0,0,0,6048,0,0,1,30594,0,0
15,25650641,25650641,T,A,gnomAD Exomes,PASS,NA,p.Glu13Val,p.Glu13Val,c.38A>T,missense_variant,,3,250936,1.19552E-05,0,0,0,16252,0,0,0,34582,0,0,0,10062,0,0,0,18392,0,0,0,21648,0,0,3,113266,0,0,0,6124,0,0,0,30610,0,0
15,25650627,25650627,C,T,gnomAD Exomes,PASS,NA,p.Asp18Asn,p.Asp18Asn,c.52G>A,missense_variant,,6,251018,2.39027E-05,0,0,0,16256,0,0,0,34584,0,0,0,10066,0,0,0,18392,0,0,0,21648,0,0,6,113336,0,0,0,6124,0,0,0,30612,0,0
15,25650626,25650626,T,C,gnomAD Exomes,PASS,NA,p.Asp18Gly,p.Asp18Gly,c.53A>G,missense_variant,,1,251020,3.98375E-06,0,0,0,16256,0,0,0,34586,0,0,0,10066,0,0,0,18392,0,0,0,21648,0,0,1,113338,0,0,0,6124,0,0,0,30610,0,0
15,25650624,25650624,T,C,"gnomAD Exomes,gnomAD Genomes",PASS,PASS,p.Ile19Val,p.Ile19Val,c.55A>G,missense_variant,,5,282428,1.77036E-05,0,0,0,24974,0,0,0,35428,0,0,0,10360,0,0,0,19952,0,0,5,25122,0,0,0,128774,0,0,0,7208,0,0,0,30610,0,0
15,25650623,25650623,A,G,"gnomAD Exomes,gnomAD Genomes",PASS,PASS,p.Ile19Thr,p.Ile19Thr,c.56T>C,missense_variant,,4,282414,1.41636E-05,0,0,0,24974,0,0,0,35432,0,0,0,10358,0,0,0,19950,0,0,1,25124,0,0,3,128754,0,0,0,7212,0,0,0,30610,0,0
15,25650615,25650615,T,C,gnomAD Exomes,PASS,NA,p.Ser22Gly,p.Ser22Gly,c.64A>G,missense_variant,,1,251030,3.98359E-06,0,0,0,16256,0,0,0,34588,0,0,0,10072,0,0,0,18392,0,0,0,21646,0,0,0,113346,0,0,0,6120,0,0,1,30610,0,0
15,25620866,25620866,T,G,gnomAD Exomes,PASS,NA,p.Gln39Pro,p.Gln39Pro,c.116A>C,missense_variant,,1,250870,3.98613E-06,0,0,0,16256,0,0,0,34588,0,0,0,10074,0,0,0,18384,0,0,0,21440,0,0,1,113388,0,0,0,6128,0,0,0,30612,0,0
15,25620833,25620833,G,A,gnomAD Exomes,PASS,NA,p.Thr50Met,p.Thr50Met,c.149C>T,missense_variant,,1,251228,3.98045E-06,0,0,0,16256,0,0,0,34590,0,0,0,10076,0,0,0,18390,0,0,0,21626,0,0,1,113552,0,0,0,6124,0,0,0,30614,0,0
15,25620830,25620830,T,C,gnomAD Exomes,PASS,NA,p.Asn51Ser,p.Asn51Ser,c.152A>G,missense_variant,,1,251302,3.97928E-06,0,0,0,16256,0,0,0,34590,0,0,1,10076,0,0,0,18390,0,0,0,21644,0,0,0,113606,0,0,0,6126,0,0,0,30614,0,0
15,25620818,25620818,G,C,gnomAD Exomes,PASS,NA,p.Ala55Gly,p.Ala55Gly,c.164C>G,missense_variant,,1,251296,3.97937E-06,0,0,0,16256,0,0,1,34588,0,0,0,10074,0,0,0,18388,0,0,0,21642,0,0,0,113610,0,0,0,6126,0,0,0,30612,0,0
15,25620812,25620812,C,T,gnomAD Exomes,PASS,NA,p.Cys57Tyr,p.Cys57Tyr,c.170G>A,missense_variant,,1,251324,3.97893E-06,0,0,0,16256,0,0,1,34590,0,0,0,10076,0,0,0,18388,0,0,0,21642,0,0,0,113628,0,0,0,6130,0,0,0,30614,0,0
15,25620806,25620806,G,T,gnomAD Exomes,PASS,NA,p.Thr59Asn,p.Thr59Asn,c.176C>A,missense_variant,,1,251330,3.97883E-06,0,0,0,16256,0,0,1,34590,0,0,0,10078,0,0,0,18388,0,0,0,21648,0,0,0,113626,0,0,0,6130,0,0,0,30614,0,0
15,25620798,25620798,G,T,gnomAD Exomes,PASS,NA,p.Arg62Ser,p.Arg62Ser,c.184C>A,missense_variant,,1,251328,3.97886E-06,0,0,0,16256,0,0,0,34588,0,0,0,10078,0,0,0,18388,0,0,0,21646,0,0,0,113628,0,0,0,6130,0,0,1,30614,0,0
15,25620798,25620798,G,A,gnomAD Exomes,PASS,NA,p.Arg62Cys,p.Arg62Cys,c.184C>T,missense_variant,,3,251328,1.19366E-05,0,0,0,16256,0,0,3,34588,0,0,0,10078,0,0,0,18388,0,0,0,21646,0,0,0,113628,0,0,0,6130,0,0,0,30614,0,0
15,25620797,25620797,C,T,"gnomAD Exomes,gnomAD Genomes",PASS,PASS,p.Arg62His,p.Arg62His,c.185G>A,missense_variant,,3,282738,1.06105E-05,0,0,0,24964,0,0,1,35436,0,0,0,10368,0,0,0,19948,0,0,0,25122,0,0,2,129068,0,0,0,7218,0,0,0,30614,0,0
15,25620793,25620793,C,T,gnomAD Exomes,PASS,NA,p.Met63Ile,p.Met63Ile,c.189G>A,missense_variant,,1,251342,3.97864E-06,0,0,0,16256,0,0,0,34590,0,0,0,10078,0,0,0,18388,0,0,0,21646,0,0,1,113638,0,0,0,6132,0,0,0,30614,0,0
15,25620774,25620774,T,C,gnomAD Exomes,PASS,NA,p.Ile70Val,p.Ile70Val,c.208A>G,missense_variant,,1,251352,3.97848E-06,0,0,0,16256,0,0,0,34590,0,0,0,10076,0,0,0,18388,0,0,0,21648,0,0,1,113650,0,0,0,6130,0,0,0,30614,0,0
15,25620762,25620762,C,G,gnomAD Exomes,PASS,NA,p.Glu74Gln,p.Glu74Gln,c.220G>C,missense_variant,,1,251324,3.97893E-06,0,0,0,16254,0,0,0,34590,0,0,0,10076,0,0,0,18388,0,0,0,21648,0,0,0,113622,0,0,0,6130,0,0,1,30616,0,0
15,25620728,25620728,G,A,gnomAD Exomes,PASS,NA,p.Pro85Leu,p.Pro85Leu,c.254C>T,missense_variant,,1,251366,3.97826E-06,0,0,0,16250,0,0,0,34592,0,0,0,10076,0,0,0,18386,0,0,1,21648,0,0,0,113668,0,0,0,6132,0,0,0,30614,0,0
15,25620701,25620701,G,A,gnomAD Exomes,PASS,NA,p.Ser94Leu,p.Ser94Leu,c.281C>T,missense_variant,,1,251402,3.97769E-06,0,0,0,16240,0,0,0,34592,0,0,0,10078,0,0,0,18384,0,0,0,21644,0,0,1,113714,0,0,0,6134,0,0,0,30616,0,0
15,25620695,25620695,T,G,gnomAD Exomes,PASS,NA,p.Tyr96Ser,p.Tyr96Ser,c.287A>C,missense_variant,,1,251390,3.97788E-06,0,0,1,16236,0,0,0,34592,0,0,0,10078,0,0,0,18390,0,0,0,21646,0,0,0,113704,0,0,0,6128,0,0,0,30616,0,0
15,25620686,25620686,T,A,gnomAD Exomes,PASS,NA,p.Asn99Ile,p.Asn99Ile,c.296A>T,missense_variant,,1,251352,3.97848E-06,0,0,0,16226,0,0,0,34590,0,0,0,10078,0,0,1,18388,0,0,0,21642,0,0,0,113690,0,0,0,6122,0,0,0,30616,0,0
15,25620686,25620686,T,C,gnomAD Exomes,PASS,NA,p.Asn99Ser,p.Asn99Ser,c.296A>G,missense_variant,,1,251352,3.97848E-06,0,0,0,16226,0,0,0,34590,0,0,0,10078,0,0,0,18388,0,0,0,21642,0,0,0,113690,0,0,0,6122,0,0,1,30616,0,0
15,25620683,25620683,G,A,gnomAD Exomes,PASS,NA,p.Ser100Leu,p.Ser100Leu,c.299C>T,missense_variant,,2,251296,7.95874E-06,0,0,0,16204,0,0,0,34588,0,0,0,10076,0,0,0,18386,0,0,0,21642,0,0,2,113672,0,0,0,6112,0,0,0,30616,0,0
15,25620678,25620678,C,A,gnomAD Exomes,PASS,NA,p.Gly102Cys,p.Gly102Cys,c.304G>T,missense_variant,,1,251210,3.98073E-06,0,0,1,16144,0,0,0,34588,0,0,0,10076,0,0,0,18388,0,0,0,21642,0,0,0,113644,0,0,0,6112,0,0,0,30616,0,0
15,25620678,25620678,C,T,gnomAD Exomes,PASS,NA,p.Gly102Ser,p.Gly102Ser,c.304G>A,missense_variant,,1,251210,3.98073E-06,0,0,0,16144,0,0,0,34588,0,0,0,10076,0,0,0,18388,0,0,0,21642,0,0,0,113644,0,0,0,6112,0,0,1,30616,0,0
15,25620677,25620677,C,T,gnomAD Exomes,PASS,NA,p.Gly102Asp,p.Gly102Asp,c.305G>A,missense_variant,,1,251224,3.98051E-06,0,0,0,16152,0,0,0,34588,0,0,0,10076,0,0,0,18388,0,0,0,21642,0,0,1,113650,0,0,0,6112,0,0,0,30616,0,0
15,25620674,25620674,G,A,gnomAD Exomes,PASS,NA,p.Ala103Val,p.Ala103Val,c.308C>T,missense_variant,,5,251120,1.99108E-05,0,0,0,16110,0,0,0,34584,0,0,0,10074,0,0,0,18386,0,0,0,21644,0,0,5,113610,0,0,0,6100,0,0,0,30612,0,0
15,25620668,25620668,T,C,"gnomAD Exomes,gnomAD Genomes",PASS,PASS,p.Asn105Ser,p.Asn105Ser,c.314A>G,missense_variant,,6,282430,2.12442E-05,0,0,1,24728,0,0,1,35434,0,0,0,10366,0,0,0,19948,0,0,0,25120,0,0,4,129034,0,0,0,7186,0,0,0,30614,0,0
15,25620659,25620659,C,G,gnomAD Exomes,PASS,NA,p.Cys108Ser,p.Cys108Ser,c.323G>C,missense_variant,,1,250800,3.98724E-06,0,0,1,15870,0,0,0,34582,0,0,0,10072,0,0,0,18390,0,0,0,21642,0,0,0,113536,0,0,0,6094,0,0,0,30614,0,0
15,25620659,25620659,C,T,gnomAD Exomes,PASS,NA,p.Cys108Tyr,p.Cys108Tyr,c.323G>A,missense_variant,,8,250800,3.18979E-05,0,0,0,15870,0,0,0,34582,0,0,0,10072,0,0,0,18390,0,0,0,21642,0,0,8,113536,0,0,0,6094,0,0,0,30614,0,0
15,25620654,25620654,C,T,gnomAD Exomes,PASS,NA,p.Glu110Lys,p.Glu110Lys,c.328G>A,missense_variant,,1,250608,3.9903E-06,0,0,0,15768,0,0,1,34564,0,0,0,10072,0,0,0,18386,0,0,0,21638,0,0,0,113498,0,0,0,6094,0,0,0,30588,0,0
15,25620643,25620643,C,G,gnomAD Exomes,PASS,NA,p.Met113Ile,p.Met113Ile,c.339G>C,missense_variant,,3,250532,1.19745E-05,0,0,0,15734,0,0,3,34558,0,0,0,10070,0,0,0,18382,0,0,0,21640,0,0,0,113480,0,0,0,6082,0,0,0,30586,0,0
15,25620640,25620640,G,C,gnomAD Genomes,NA,PASS,p.Asn114Lys,p.Asn114Lys,c.342C>G,missense_variant,,1,31382,3.18654E-05,0,0,0,8708,0,0,0,846,0,0,0,290,0,0,0,1558,0,0,0,3476,0,0,1,15418,0,0,0,1086,0,0,0,0,0,0
15,25620637,25620637,C,G,gnomAD Exomes,PASS,NA,p.Lys115Asn,p.Lys115Asn,c.345G>C,missense_variant,,1,250504,3.99195E-06,0,0,0,15728,0,0,0,34558,0,0,0,10066,0,0,0,18382,0,0,0,21642,0,0,1,113456,0,0,0,6082,0,0,0,30590,0,0
15,25620630,25620630,C,A,gnomAD Exomes,PASS,NA,p.Ala118Ser,p.Ala118Ser,c.352G>T,missense_variant,,1,250386,3.99383E-06,0,0,0,15694,0,0,0,34552,0,0,0,10062,0,0,0,18376,0,0,0,21642,0,0,1,113394,0,0,0,6076,0,0,0,30590,0,0
15,25620630,25620630,C,T,"gnomAD Exomes,gnomAD Genomes",PASS,PASS,p.Ala118Thr,p.Ala118Thr,c.352G>A,missense_variant,,8,281794,2.83895E-05,0,0,3,24410,0,0,1,35398,0,0,0,10352,0,0,3,19936,0,0,0,25118,0,0,0,128828,0,0,1,7162,0,0,0,30590,0,0
15,25620617,25620617,A,C,gnomAD Exomes,PASS,NA,p.Phe122Cys,p.Phe122Cys,c.365T>G,missense_variant,,2,250092,7.99706E-06,0,0,0,15570,0,0,2,34518,0,0,0,10062,0,0,0,18368,0,0,0,21636,0,0,0,113292,0,0,0,6076,0,0,0,30570,0,0
15,25616957,25616957,C,A,gnomAD Exomes,PASS,NA,p.Val125Leu,p.Val125Leu,c.373G>T,missense_variant,segdup,1,243986,4.0986E-06,0,0,0,15242,0,0,0,34062,0,0,0,9932,0,0,1,18244,0,0,0,18420,0,0,0,111898,0,0,0,5952,0,0,0,30236,0,0
15,25616921,25616921,G,T,gnomAD Exomes,PASS,NA,p.Leu137Ile,p.Leu137Ile,c.409C>A,missense_variant,segdup,1,249106,4.01436E-06,0,0,1,15762,0,0,0,34488,0,0,0,10054,0,0,0,18348,0,0,0,20756,0,0,0,113096,0,0,0,6052,0,0,0,30550,0,0
15,25616917,25616917,T,C,gnomAD Exomes,PASS,NA,p.Glu138Gly,p.Glu138Gly,c.413A>G,missense_variant,segdup,1,249244,4.01213E-06,0,0,0,15774,0,0,0,34492,0,0,0,10054,0,0,0,18348,0,0,0,20858,0,0,1,113106,0,0,0,6058,0,0,0,30554,0,0
15,25616909,25616909,T,C,gnomAD Exomes,PASS,NA,p.Arg141Gly,p.Arg141Gly,c.421A>G,missense_variant,segdup,4,249910,1.60058E-05,0,0,1,15898,0,0,0,34506,0,0,0,10062,0,0,0,18358,0,0,0,21152,0,0,3,113270,0,0,0,6076,0,0,0,30588,0,0
15,25616879,25616879,G,A,gnomAD Exomes,PASS,NA,p.Arg151Cys,p.Arg151Cys,c.451C>T,missense_variant,segdup,5,250944,1.99248E-05,0,0,0,16136,0,0,3,34570,0,0,0,10074,0,0,0,18378,0,0,0,21570,0,0,0,113518,0,0,0,6096,0,0,2,30602,0,0
15,25616835,25616835,C,G,gnomAD Exomes,PASS,NA,p.Gln165His,p.Gln165His,c.495G>C,missense_variant,segdup,1,251224,3.98051E-06,0,0,0,16242,0,0,0,34590,0,0,0,10078,0,0,0,18392,0,0,0,21636,0,0,0,113546,0,0,0,6130,0,0,1,30610,0,0
15,25616827,25616827,C,T,gnomAD Exomes,PASS,NA,p.Arg168Gln,p.Arg168Gln,c.503G>A,missense_variant,segdup,2,251206,7.96159E-06,0,0,0,16242,0,0,0,34588,0,0,0,10078,0,0,0,18394,0,0,0,21640,0,0,1,113522,0,0,0,6132,0,0,1,30610,0,0
15,25616810,25616810,T,A,gnomAD Exomes,PASS,NA,p.Thr174Ser,p.Thr174Ser,c.520A>T,missense_variant,segdup,3,251252,1.19402E-05,0,0,0,16242,0,0,0,34588,0,0,0,10072,0,0,0,18390,0,0,0,21648,0,0,3,113566,0,0,0,6134,0,0,0,30612,0,0
15,25616809,25616809,G,C,gnomAD Genomes,NA,PASS,p.Thr174Ser,p.Thr174Ser,c.521C>G,missense_variant,segdup,1,31384,3.18634E-05,0,0,1,8706,0,0,0,846,0,0,0,290,0,0,0,1560,0,0,0,3470,0,0,0,15426,0,0,0,1086,0,0,0,0,0,0
15,25616782,25616782,G,C,gnomAD Exomes,PASS,NA,p.Ala183Gly,p.Ala183Gly,c.548C>G,missense_variant,segdup,1,251218,3.98061E-06,0,0,0,16256,0,0,0,34588,0,0,0,10074,0,0,0,18388,0,0,0,21640,0,0,1,113528,0,0,0,6132,0,0,0,30612,0,0
15,25616751,25616751,C,A,"gnomAD Exomes,gnomAD Genomes",PASS,PASS,p.Lys193Asn,p.Lys193Asn,c.579G>T,missense_variant,segdup,3,282752,1.061E-05,0,0,3,24956,0,0,0,35440,0,0,0,10368,0,0,0,19952,0,0,0,25122,0,0,0,129082,0,0,0,7218,0,0,0,30614,0,0
15,25616751,25616751,C,G,gnomAD Genomes,NA,PASS,p.Lys193Asn,p.Lys193Asn,c.579G>C,missense_variant,segdup,1,31368,3.18796E-05,0,0,0,8700,0,0,0,848,0,0,0,290,0,0,0,1560,0,0,0,3476,0,0,0,15410,0,0,1,1084,0,0,0,0,0,0
15,25616747,25616747,T,C,gnomAD Exomes,PASS,NA,p.Lys195Glu,p.Lys195Glu,c.583A>G,missense_variant,segdup,1,251412,3.97753E-06,0,0,0,16256,0,0,0,34592,0,0,0,10078,0,0,0,18394,0,0,0,21644,0,0,0,113702,0,0,0,6132,0,0,1,30614,0,0
15,25616737,25616737,C,T,gnomAD Exomes,PASS,NA,p.Cys198Tyr,p.Cys198Tyr,c.593G>A,missense_variant,segdup,1,251384,3.97798E-06,0,0,0,16256,0,0,0,34592,0,0,0,10078,0,0,0,18392,0,0,0,21644,0,0,0,113672,0,0,0,6136,0,0,1,30614,0,0
15,25616732,25616732,C,A,gnomAD Exomes,PASS,NA,p.Ala200Ser,p.Ala200Ser,c.598G>T,missense_variant,segdup,1,251400,3.97772E-06,0,0,0,16256,0,0,0,34592,0,0,0,10076,0,0,0,18394,0,0,0,21646,0,0,1,113690,0,0,0,6132,0,0,0,30614,0,0
15,25616729,25616729,C,A,"gnomAD Exomes,gnomAD Genomes",PASS,PASS,p.Ala201Ser,p.Ala201Ser,c.601G>T,missense_variant,segdup,3,282794,1.06084E-05,0,0,0,24968,0,0,0,35440,0,0,0,10368,0,0,0,19954,0,0,0,25116,0,0,3,129110,0,0,0,7224,0,0,0,30614,0,0
15,25616729,25616729,C,T,"gnomAD Exomes,gnomAD Genomes",PASS,PASS,p.Ala201Thr,p.Ala201Thr,c.601G>A,missense_variant,segdup,3302,282794,0.011676344,35,0,75,24968,0,0,188,35440,1,0,21,10368,0,0,1,19954,0,0,174,25116,0,0,2480,129110,28,0,83,7224,1,0,280,30614,5,0
15,25616728,25616728,G,A,gnomAD Exomes,PASS,NA,p.Ala201Val,p.Ala201Val,c.602C>T,missense_variant,segdup,1,251406,3.97763E-06,0,0,0,16256,0,0,1,34590,0,0,0,10078,0,0,0,18394,0,0,0,21636,0,0,0,113702,0,0,0,6136,0,0,0,30614,0,0
15,25616719,25616719,T,C,gnomAD Exomes,PASS,NA,p.Glu204Gly,p.Glu204Gly,c.611A>G,missense_variant,segdup,1,251426,3.97731E-06,0,0,0,16256,0,0,0,34592,0,0,0,10078,0,0,0,18394,0,0,0,21640,0,0,1,113716,0,0,0,6136,0,0,0,30614,0,0
15,25616716,25616716,T,G,gnomAD Exomes,PASS,NA,p.Glu205Ala,p.Glu205Ala,c.614A>C,missense_variant,segdup,1,251428,3.97728E-06,0,0,0,16256,0,0,0,34592,0,0,0,10078,0,0,1,18394,0,0,0,21642,0,0,0,113716,0,0,0,6136,0,0,0,30614,0,0
15,25616714,25616714,C,A,gnomAD Exomes,PASS,NA,p.Asp206Tyr,p.Asp206Tyr,c.616G>T,missense_variant,segdup,1,251428,3.97728E-06,0,0,0,16256,0,0,0,34592,0,0,0,10078,0,0,0,18392,0,0,0,21644,0,0,0,113716,0,0,0,6136,0,0,1,30614,0,0
15,25616711,25616711,A,G,gnomAD Exomes,PASS,NA,p.Ser207Pro,p.Ser207Pro,c.619T>C,missense_variant,segdup,1,251430,3.97725E-06,0,0,0,16256,0,0,0,34592,0,0,0,10078,0,0,0,18394,0,0,0,21642,0,0,0,113716,0,0,0,6138,0,0,1,30614,0,0
15,25616691,25616691,C,A,gnomAD Exomes,PASS,NA,p.Arg213Ser,p.Arg213Ser,c.639G>T,missense_variant,segdup,1,251434,3.97719E-06,0,0,0,16256,0,0,0,34592,0,0,0,10078,0,0,0,18394,0,0,0,21646,0,0,0,113720,0,0,0,6134,0,0,1,30614,0,0
15,25616688,25616688,T,C,gnomAD Exomes,PASS,NA,p.Ile214Met,p.Ile214Met,c.642A>G,missense_variant,segdup,1,251430,3.97725E-06,0,0,0,16256,0,0,0,34592,0,0,0,10078,0,0,0,18394,0,0,0,21644,0,0,0,113720,0,0,0,6134,0,0,1,30612,0,0
15,25616684,25616684,C,T,gnomAD Exomes,PASS,NA,p.Asp216Asn,p.Asp216Asn,c.646G>A,missense_variant,segdup,1,251432,3.97722E-06,0,0,0,16256,0,0,0,34592,0,0,0,10078,0,0,0,18394,0,0,0,21642,0,0,1,113722,0,0,0,6136,0,0,0,30612,0,0
15,25616678,25616678,A,G,gnomAD Exomes,PASS,NA,p.Ser218Pro,p.Ser218Pro,c.652T>C,missense_variant,segdup,1,251436,3.97716E-06,0,0,0,16256,0,0,0,34592,0,0,0,10080,0,0,0,18394,0,0,0,21644,0,0,1,113720,0,0,0,6136,0,0,0,30614,0,0
15,25616674,25616674,T,C,gnomAD Exomes,PASS,NA,p.Gln219Arg,p.Gln219Arg,c.656A>G,missense_variant,segdup,1,251432,3.97722E-06,0,0,0,16256,0,0,0,34592,0,0,0,10080,0,0,1,18394,0,0,0,21644,0,0,0,113718,0,0,0,6136,0,0,0,30612,0,0
15,25616674,25616674,T,G,gnomAD Exomes,PASS,NA,p.Gln219Pro,p.Gln219Pro,c.656A>C,missense_variant,segdup,1,251432,3.97722E-06,0,0,0,16256,0,0,1,34592,0,0,0,10080,0,0,0,18394,0,0,0,21644,0,0,0,113718,0,0,0,6136,0,0,0,30612,0,0
15,25616671,25616671,C,G,gnomAD Exomes,PASS,NA,p.Gly220Ala,p.Gly220Ala,c.659G>C,missense_variant,segdup,2,251432,7.95444E-06,0,0,0,16256,0,0,2,34592,0,0,0,10080,0,0,0,18394,0,0,0,21642,0,0,0,113720,0,0,0,6134,0,0,0,30614,0,0
15,25616662,25616662,T,C,gnomAD Exomes,PASS,NA,p.Asn223Ser,p.Asn223Ser,c.668A>G,missense_variant,segdup,2,251428,7.95456E-06,0,0,0,16256,0,0,0,34590,0,0,0,10080,0,0,0,18394,0,0,0,21644,0,0,0,113716,0,0,0,6136,0,0,2,30612,0,0
15,25616650,25616650,A,G,gnomAD Exomes,PASS,NA,p.Leu227Ser,p.Leu227Ser,c.680T>C,missense_variant,segdup,1,251436,3.97716E-06,0,0,0,16256,0,0,0,34590,0,0,0,10080,0,0,0,18392,0,0,0,21646,0,0,1,113726,0,0,0,6134,0,0,0,30612,0,0
15,25616639,25616639,C,A,gnomAD Exomes,PASS,NA,p.Asp231Tyr,p.Asp231Tyr,c.691G>T,missense_variant,segdup,1,251420,3.97741E-06,0,0,0,16254,0,0,0,34590,0,0,0,10080,0,0,0,18390,0,0,0,21646,0,0,1,113708,0,0,0,6138,0,0,0,30614,0,0
15,25616600,25616600,T,C,gnomAD Exomes,PASS,NA,p.Thr244Ala,p.Thr244Ala,c.730A>G,missense_variant,segdup,2,251448,7.95393E-06,0,0,0,16256,0,0,2,34592,0,0,0,10080,0,0,0,18392,0,0,0,21648,0,0,0,113730,0,0,0,6138,0,0,0,30612,0,0
15,25616588,25616588,A,C,gnomAD Exomes,PASS,NA,p.Ser248Ala,p.Ser248Ala,c.742T>G,missense_variant,segdup,4,251442,1.59082E-05,0,0,0,16254,0,0,0,34592,0,0,0,10080,0,0,4,18394,0,0,0,21648,0,0,0,113728,0,0,0,6136,0,0,0,30610,0,0
15,25616576,25616576,T,C,gnomAD Exomes,PASS,NA,p.Ile252Val,p.Ile252Val,c.754A>G,missense_variant,segdup,1,251432,3.97722E-06,0,0,0,16250,0,0,1,34592,0,0,0,10078,0,0,0,18394,0,0,0,21642,0,0,0,113728,0,0,0,6136,0,0,0,30612,0,0
15,25616570,25616570,T,C,gnomAD Exomes,PASS,NA,p.Thr254Ala,p.Thr254Ala,c.760A>G,missense_variant,segdup,1,251432,3.97722E-06,0,0,1,16252,0,0,0,34592,0,0,0,10078,0,0,0,18394,0,0,0,21646,0,0,0,113722,0,0,0,6136,0,0,0,30612,0,0
15,25616545,25616545,T,C,"gnomAD Exomes,gnomAD Genomes",PASS,PASS,p.Tyr262Cys,p.Tyr262Cys,c.785A>G,missense_variant,segdup,3,282802,1.06081E-05,0,0,0,24956,0,0,0,35440,0,0,0,10368,0,0,1,19950,0,0,0,25116,0,0,2,129140,0,0,0,7220,0,0,0,30612,0,0
15,25616531,25616531,C,T,gnomAD Exomes,PASS,NA,p.Val267Met,p.Val267Met,c.799G>A,missense_variant,segdup,5,251374,1.98907E-05,0,0,0,16246,0,0,2,34592,0,0,0,10076,0,0,0,18390,0,0,0,21640,0,0,2,113686,0,0,1,6134,0,0,0,30610,0,0
15,25616515,25616515,G,A,gnomAD Exomes,PASS,NA,p.Thr272Met,p.Thr272Met,c.815C>T,missense_variant,segdup,1,251362,3.97833E-06,0,0,0,16242,0,0,0,34590,0,0,0,10076,0,0,1,18390,0,0,0,21644,0,0,0,113674,0,0,0,6136,0,0,0,30610,0,0
15,25616506,25616506,T,C,"gnomAD Exomes,gnomAD Genomes",PASS,PASS,p.Asn275Ser,p.Asn275Ser,c.824A>G,missense_variant,segdup,27,282750,9.54907E-05,0,0,3,24960,0,0,3,35438,0,0,0,10366,0,0,1,19944,0,0,0,25114,0,0,17,129100,0,0,0,7220,0,0,3,30608,0,0
15,25616494,25616494,C,T,gnomAD Exomes,PASS,NA,p.Arg279Gln,p.Arg279Gln,c.836G>A,missense_variant,segdup,8,251310,3.18332E-05,0,0,0,16246,0,0,0,34588,0,0,0,10078,0,0,1,18386,0,0,0,21642,0,0,7,113634,0,0,0,6128,0,0,0,30608,0,0
15,25616486,25616486,T,C,gnomAD Genomes,NA,PASS,p.Asn282Asp,p.Asn282Asp,c.844A>G,missense_variant,segdup,1,31390,3.18573E-05,0,0,1,8706,0,0,0,848,0,0,0,290,0,0,0,1560,0,0,0,3474,0,0,0,15424,0,0,0,1088,0,0,0,0,0,0
15,25616486,25616486,T,G,"gnomAD Exomes,gnomAD Genomes",PASS,PASS,p.Asn282His,p.Asn282His,c.844A>C,missense_variant,segdup,2,282690,7.07489E-06,0,0,2,24942,0,0,0,35434,0,0,0,10366,0,0,0,19946,0,0,0,25116,0,0,0,129062,0,0,0,7216,0,0,0,30608,0,0
15,25616462,25616462,C,T,gnomAD Exomes,PASS,NA,p.Val290Ile,p.Val290Ile,c.868G>A,missense_variant,segdup,1,251138,3.98187E-06,0,0,0,16176,0,0,0,34578,0,0,0,10076,0,0,0,18382,0,0,0,21636,0,0,1,113558,0,0,0,6120,0,0,0,30612,0,0
15,25616459,25616459,T,G,"gnomAD Exomes,gnomAD Genomes",PASS,PASS,p.Met291Leu,p.Met291Leu,c.871A>C,missense_variant,segdup,4,282498,1.41594E-05,0,0,0,24876,0,0,0,35428,0,0,0,10366,0,0,0,19942,0,0,1,25112,0,0,2,128958,0,0,1,7206,0,0,0,30610,0,0
15,25616420,25616420,T,C,gnomAD Exomes,PASS,NA,p.Met304Val,p.Met304Val,c.910A>G,missense_variant,segdup,1,250448,3.99284E-06,0,0,0,15738,0,0,0,34572,0,0,0,10074,0,0,0,18382,0,0,0,21636,0,0,1,113350,0,0,0,6086,0,0,0,30610,0,0
15,25616390,25616390,T,C,gnomAD Exomes,PASS,NA,p.Ser314Gly,p.Ser314Gly,c.940A>G,missense_variant,segdup,1,250386,3.99383E-06,0,0,0,15698,0,0,0,34570,0,0,0,10074,0,0,0,18386,0,0,0,21624,0,0,1,113334,0,0,0,6088,0,0,0,30612,0,0
15,25616389,25616389,C,A,gnomAD Exomes,PASS,NA,p.Ser314Ile,p.Ser314Ile,c.941G>T,missense_variant,segdup,1,250392,3.99374E-06,0,0,0,15708,0,0,0,34572,0,0,0,10074,0,0,0,18388,0,0,0,21622,0,0,0,113330,0,0,0,6088,0,0,1,30610,0,0
15,25616375,25616375,C,A,gnomAD Exomes,PASS,NA,p.Ala319Ser,p.Ala319Ser,c.955G>T,missense_variant,segdup,1,250496,3.99208E-06,0,0,0,15770,0,0,1,34572,0,0,0,10072,0,0,0,18388,0,0,0,21620,0,0,0,113376,0,0,0,6088,0,0,0,30610,0,0
15,25616335,25616335,T,A,gnomAD Exomes,PASS,NA,p.Asn332Ile,p.Asn332Ile,c.995A>T,missense_variant,segdup,1,251230,3.98042E-06,0,0,0,16192,0,0,0,34586,0,0,0,10078,0,0,0,18390,0,0,0,21630,0,0,1,113622,0,0,0,6124,0,0,0,30608,0,0
15,25616335,25616335,T,C,"gnomAD Exomes,gnomAD Genomes",PASS,PASS,p.Asn332Ser,p.Asn332Ser,c.995A>G,missense_variant,segdup,8,282634,2.83052E-05,0,0,4,24908,0,0,1,35434,0,0,0,10368,0,0,0,19950,0,0,0,25106,0,0,3,129048,0,0,0,7212,0,0,0,30608,0,0
15,25616335,25616335,T,G,gnomAD Exomes,PASS,NA,p.Asn332Thr,p.Asn332Thr,c.995A>C,missense_variant,segdup,1,251230,3.98042E-06,0,0,0,16192,0,0,0,34586,0,0,0,10078,0,0,0,18390,0,0,0,21630,0,0,1,113622,0,0,0,6124,0,0,0,30608,0,0
15,25616322,25616322,A,C,gnomAD Exomes,PASS,NA,p.Ile336Met,p.Ile336Met,c.1008T>G,missense_variant,segdup,1,251308,3.97918E-06,0,0,0,16242,0,0,0,34588,0,0,0,10078,0,0,0,18390,0,0,0,21628,0,0,1,113642,0,0,0,6130,0,0,0,30610,0,0
15,25616320,25616320,C,T,gnomAD Exomes,PASS,NA,p.Arg337Gln,p.Arg337Gln,c.1010G>A,missense_variant,segdup,1,251300,3.97931E-06,0,0,0,16236,0,0,0,34588,0,0,0,10078,0,0,0,18392,0,0,0,21616,0,0,0,113650,0,0,0,6130,0,0,1,30610,0,0
15,25616315,25616315,T,G,"gnomAD Exomes,gnomAD Genomes",PASS,PASS,p.Met339Leu,p.Met339Leu,c.1015A>C,missense_variant,segdup,5,282746,1.76837E-05,0,0,5,24956,0,0,0,35438,0,0,0,10370,0,0,0,19952,0,0,0,25102,0,0,0,129100,0,0,0,7218,0,0,0,30610,0,0
15,25616314,25616314,A,G,gnomAD Exomes,PASS,NA,p.Met339Thr,p.Met339Thr,c.1016T>C,missense_variant,segdup,1,251340,3.97867E-06,0,0,0,16244,0,0,1,34590,0,0,0,10080,0,0,0,18392,0,0,0,21634,0,0,0,113660,0,0,0,6130,0,0,0,30610,0,0
15,25616312,25616312,T,A,gnomAD Exomes,PASS,NA,p.Met340Leu,p.Met340Leu,c.1018A>T,missense_variant,segdup,3,251336,1.19362E-05,0,0,0,16246,0,0,0,34590,0,0,0,10080,0,0,0,18390,0,0,0,21630,0,0,3,113660,0,0,0,6132,0,0,0,30608,0,0
15,25616291,25616291,T,C,gnomAD Exomes,PASS,NA,p.Ile347Val,p.Ile347Val,c.1039A>G,missense_variant,segdup,1,251318,3.97902E-06,0,0,1,16254,0,0,0,34590,0,0,0,10080,0,0,0,18390,0,0,0,21614,0,0,0,113654,0,0,0,6126,0,0,0,30610,0,0
15,25616276,25616276,T,C,gnomAD Exomes,PASS,NA,p.Ile352Val,p.Ile352Val,c.1054A>G,missense_variant,segdup,1,251328,3.97886E-06,0,0,0,16254,0,0,0,34586,0,0,0,10080,0,0,0,18392,0,0,0,21622,0,0,0,113660,0,0,0,6126,0,0,1,30608,0,0
15,25616269,25616269,T,C,"gnomAD Exomes,gnomAD Genomes",PASS,PASS,p.Asn354Ser,p.Asn354Ser,c.1061A>G,missense_variant,segdup,9,282742,3.18311E-05,0,0,2,24970,0,0,0,35430,0,0,0,10370,0,0,0,19950,0,0,0,25098,0,0,6,129102,0,0,1,7216,0,0,0,30606,0,0
15,25616263,25616263,A,C,gnomAD Exomes,PASS,NA,p.Phe356Cys,p.Phe356Cys,c.1067T>G,missense_variant,segdup,2,251330,7.95767E-06,0,0,0,16256,0,0,0,34574,0,0,0,10080,0,0,0,18388,0,0,0,21624,0,0,2,113678,0,0,0,6130,0,0,0,30600,0,0
15,25616257,25616257,C,G,gnomAD Exomes,PASS,NA,p.Ser358Thr,p.Ser358Thr,c.1073G>C,missense_variant,segdup,36,251254,0.000143281,0,0,1,16254,0,0,2,34554,0,0,0,10078,0,0,0,18386,0,0,0,21624,0,0,9,113644,0,0,0,6126,0,0,24,30588,0,0
15,25616254,25616254,C,T,gnomAD Exomes,PASS,NA,p.Arg359Gln,p.Arg359Gln,c.1076G>A,missense_variant,segdup,1,251258,3.97997E-06,0,0,0,16256,0,0,0,34562,0,0,0,10078,0,0,0,18392,0,0,0,21624,0,0,1,113640,0,0,0,6124,0,0,0,30582,0,0
15,25616238,25616238,A,C,gnomAD Exomes,PASS,NA,p.Asp364Glu,p.Asp364Glu,c.1092T>G,missense_variant,segdup,1,251298,3.97934E-06,0,0,0,16256,0,0,1,34572,0,0,0,10078,0,0,0,18392,0,0,0,21620,0,0,0,113652,0,0,0,6130,0,0,0,30598,0,0
15,25616233,25616233,T,A,gnomAD Exomes,PASS,NA,p.Asp366Val,p.Asp366Val,c.1097A>T,missense_variant,segdup,2,251268,7.95963E-06,0,0,0,16256,0,0,0,34564,0,0,0,10076,0,0,2,18392,0,0,0,21606,0,0,0,113650,0,0,0,6128,0,0,0,30596,0,0
15,25616233,25616233,T,C,gnomAD Exomes,PASS,NA,p.Asp366Gly,p.Asp366Gly,c.1097A>G,missense_variant,segdup,2,251268,7.95963E-06,0,0,0,16256,0,0,0,34564,0,0,0,10076,0,0,0,18392,0,0,0,21606,0,0,2,113650,0,0,0,6128,0,0,0,30596,0,0
15,25616233,25616233,T,G,gnomAD Exomes,PASS,NA,p.Asp366Ala,p.Asp366Ala,c.1097A>C,missense_variant,segdup,1,251268,3.97981E-06,0,0,0,16256,0,0,0,34564,0,0,0,10076,0,0,0,18392,0,0,0,21606,0,0,1,113650,0,0,0,6128,0,0,0,30596,0,0
15,25616219,25616219,C,T,gnomAD Exomes,PASS,NA,p.Ala371Thr,p.Ala371Thr,c.1111G>A,missense_variant,segdup,1,251228,3.98045E-06,0,0,0,16256,0,0,0,34560,0,0,0,10078,0,0,0,18392,0,0,0,21606,0,0,1,113620,0,0,0,6126,0,0,0,30590,0,0
15,25616201,25616201,T,C,gnomAD Exomes,PASS,NA,p.Met377Val,p.Met377Val,c.1129A>G,missense_variant,segdup,2,251264,7.95976E-06,0,0,0,16250,0,0,0,34562,0,0,0,10078,0,0,0,18394,0,0,0,21602,0,0,0,113648,0,0,0,6132,0,0,2,30598,0,0
15,25616198,25616198,C,T,gnomAD Exomes,PASS,NA,p.Val378Ile,p.Val378Ile,c.1132G>A,missense_variant,segdup,1,251276,3.97969E-06,0,0,1,16246,0,0,0,34560,0,0,0,10078,0,0,0,18394,0,0,0,21608,0,0,0,113660,0,0,0,6130,0,0,0,30600,0,0
15,25616188,25616188,G,C,gnomAD Exomes,PASS,NA,p.Ala381Gly,p.Ala381Gly,c.1142C>G,missense_variant,segdup,1,251264,3.97988E-06,0,0,0,16236,0,0,0,34566,0,0,0,10076,0,0,0,18394,0,0,0,21620,0,0,1,113636,0,0,0,6128,0,0,0,30608,0,0
15,25616183,25616183,C,T,gnomAD Exomes,PASS,NA,p.Val383Ile,p.Val383Ile,c.1147G>A,missense_variant,segdup,1,251264,3.97988E-06,0,0,0,16238,0,0,0,34570,0,0,0,10074,0,0,1,18392,0,0,0,21608,0,0,0,113650,0,0,0,6128,0,0,0,30604,0,0
15,25616179,25616179,A,C,gnomAD Exomes,PASS,NA,p.Val384Gly,p.Val384Gly,c.1151T>G,missense_variant,segdup,1,251278,3.97966E-06,0,0,0,16246,0,0,0,34568,0,0,0,10078,0,0,0,18388,0,0,0,21620,0,0,0,113650,0,0,0,6126,0,0,1,30602,0,0
15,25616168,25616168,C,T,gnomAD Exomes,PASS,NA,p.Val388Met,p.Val388Met,c.1162G>A,missense_variant,segdup,3,251296,1.19381E-05,0,0,2,16250,0,0,1,34568,0,0,0,10078,0,0,0,18386,0,0,0,21636,0,0,0,113646,0,0,0,6122,0,0,0,30610,0,0
15,25616158,25616158,T,C,gnomAD Exomes,PASS,NA,p.Asn391Ser,p.Asn391Ser,c.1172A>G,missense_variant,segdup,1,251296,3.97937E-06,0,0,0,16250,0,0,0,34562,0,0,0,10080,0,0,0,18382,0,0,0,21638,0,0,1,113648,0,0,0,6126,0,0,0,30610,0,0
15,25616153,25616153,T,C,gnomAD Exomes,PASS,NA,p.Asn393Asp,p.Asn393Asp,c.1177A>G,missense_variant,segdup,1,251304,3.97924E-06,0,0,1,16250,0,0,0,34568,0,0,0,10080,0,0,0,18386,0,0,0,21642,0,0,0,113642,0,0,0,6126,0,0,0,30610,0,0
15,25616152,25616152,T,C,"gnomAD Exomes,gnomAD Genomes",PASS,PASS,p.Asn393Ser,p.Asn393Ser,c.1178A>G,missense_variant,segdup,4,282706,1.4149E-05,0,0,0,24956,0,0,0,35416,0,0,0,10370,0,0,0,19944,0,0,1,25120,0,0,3,129080,0,0,0,7214,0,0,0,30606,0,0
15,25616136,25616136,T,A,gnomAD Exomes,PASS,NA,p.Glu398Asp,p.Glu398Asp,c.1194A>T,missense_variant,segdup,1,251298,3.97934E-06,0,0,0,16242,0,0,0,34568,0,0,0,10078,0,0,0,18382,0,0,0,21646,0,0,1,113644,0,0,0,6130,0,0,0,30608,0,0
15,25616129,25616129,T,C,gnomAD Exomes,PASS,NA,p.Ile401Val,p.Ile401Val,c.1201A>G,missense_variant,segdup,3,251318,1.19371E-05,0,0,0,16242,0,0,0,34578,0,0,0,10078,0,0,0,18380,0,0,0,21648,0,0,3,113650,0,0,0,6132,0,0,0,30610,0,0
15,25616129,25616129,T,G,gnomAD Exomes,PASS,NA,p.Ile401Leu,p.Ile401Leu,c.1201A>C,missense_variant,segdup,1,251318,3.97902E-06,0,0,0,16242,0,0,0,34578,0,0,0,10078,0,0,0,18380,0,0,0,21648,0,0,1,113650,0,0,0,6132,0,0,0,30610,0,0
15,25616126,25616126,G,A,gnomAD Exomes,PASS,NA,p.Pro402Ser,p.Pro402Ser,c.1204C>T,missense_variant,segdup,1,251294,3.9794E-06,0,0,0,16244,0,0,0,34578,0,0,0,10076,0,0,0,18384,0,0,0,21648,0,0,1,113622,0,0,0,6132,0,0,0,30610,0,0
15,25616123,25616123,C,G,gnomAD Exomes,PASS,NA,p.Glu403Gln,p.Glu403Gln,c.1207G>C,missense_variant,segdup,1,251286,3.97953E-06,0,0,0,16242,0,0,0,34574,0,0,0,10076,0,0,1,18382,0,0,0,21646,0,0,0,113630,0,0,0,6130,0,0,0,30606,0,0
15,25616122,25616122,T,G,gnomAD Exomes,PASS,NA,p.Glu403Ala,p.Glu403Ala,c.1208A>C,missense_variant,segdup,1,251286,3.97953E-06,0,0,0,16242,0,0,0,34578,0,0,1,10078,0,0,0,18376,0,0,0,21646,0,0,0,113630,0,0,0,6128,0,0,0,30608,0,0
15,25616105,25616105,G,A,gnomAD Exomes,PASS,NA,p.Leu409Phe,p.Leu409Phe,c.1225C>T,missense_variant,segdup,1,251168,3.9814E-06,0,0,0,16220,0,0,0,34576,0,0,0,10074,0,0,0,18368,0,0,0,21642,0,0,1,113566,0,0,0,6116,0,0,0,30606,0,0
15,25616102,25616102,G,C,gnomAD Exomes,PASS,NA,p.Gln410Glu,p.Gln410Glu,c.1228C>G,missense_variant,segdup,1,251138,3.98187E-06,0,0,0,16208,0,0,0,34570,0,0,0,10076,0,0,0,18368,0,0,0,21644,0,0,1,113548,0,0,0,6116,0,0,0,30608,0,0
15,25616091,25616091,C,G,gnomAD Exomes,PASS,NA,p.Leu413Phe,p.Leu413Phe,c.1239G>C,missense_variant,segdup,1,251020,3.98375E-06,0,0,0,16174,0,0,0,34562,0,0,0,10070,0,0,0,18356,0,0,0,21634,0,0,1,113502,0,0,0,6114,0,0,0,30608,0,0
15,25616071,25616071,T,C,gnomAD Exomes,PASS,NA,p.Lys420Arg,p.Lys420Arg,c.1259A>G,missense_variant,segdup,1,250926,3.98524E-06,0,0,0,16162,0,0,0,34544,0,0,0,10066,0,0,0,18334,0,0,0,21644,0,0,1,113460,0,0,0,6108,0,0,0,30608,0,0
15,25616036,25616036,G,A,gnomAD Exomes,PASS,NA,p.Leu432Phe,p.Leu432Phe,c.1294C>T,missense_variant,segdup,1,250854,3.98638E-06,0,0,0,16102,0,0,0,34532,0,0,0,10066,0,0,0,18366,0,0,0,21640,0,0,0,113460,0,0,0,6096,0,0,1,30592,0,0
15,25616032,25616032,C,A,gnomAD Genomes,NA,PASS,p.Gly433Val,p.Gly433Val,c.1298G>T,missense_variant,segdup,2,31390,6.37146E-05,0,0,2,8710,0,0,0,848,0,0,0,290,0,0,0,1560,0,0,0,3472,0,0,0,15422,0,0,0,1088,0,0,0,0,0,0
15,25616023,25616023,G,T,gnomAD Exomes,PASS,NA,p.Thr436Asn,p.Thr436Asn,c.1307C>A,missense_variant,segdup,1,250842,3.98657E-06,0,0,0,16108,0,0,0,34524,0,0,0,10074,0,0,0,18364,0,0,0,21632,0,0,0,113438,0,0,0,6102,0,0,1,30600,0,0
15,25616016,25616016,A,T,gnomAD Exomes,PASS,NA,p.Asp438Glu,p.Asp438Glu,c.1314T>A,missense_variant,segdup,2,250878,7.972E-06,0,0,0,16114,0,0,0,34542,0,0,0,10072,0,0,2,18370,0,0,0,21636,0,0,0,113442,0,0,0,6102,0,0,0,30600,0,0
15,25616012,25616012,G,C,gnomAD Exomes,PASS,NA,p.Arg440Gly,p.Arg440Gly,c.1318C>G,missense_variant,segdup,1,250784,3.9875E-06,0,0,0,16084,0,0,0,34538,0,0,0,10066,0,0,0,18368,0,0,0,21632,0,0,0,113408,0,0,0,6096,0,0,1,30592,0,0
15,25616011,25616011,C,T,gnomAD Exomes,PASS,NA,p.Arg440Gln,p.Arg440Gln,c.1319G>A,missense_variant,segdup,1,250764,3.98781E-06,0,0,0,16070,0,0,0,34544,0,0,0,10070,0,0,0,18366,0,0,0,21626,0,0,1,113416,0,0,0,6088,0,0,0,30584,0,0
15,25615958,25615958,G,C,gnomAD Exomes,PASS,NA,p.Leu458Val,p.Leu458Val,c.1372C>G,missense_variant,segdup,1,250152,3.99757E-06,0,0,0,15788,0,0,0,34508,0,0,0,10058,0,0,0,18360,0,0,0,21632,0,0,1,113166,0,0,0,6066,0,0,0,30574,0,0
15,25615905,25615905,G,T,gnomAD Exomes,PASS,NA,p.Phe475Leu,p.Phe475Leu,c.1425C>A,missense_variant,segdup,1,250674,3.98924E-06,0,0,0,16070,0,0,0,34532,0,0,0,10070,0,0,0,18374,0,0,0,21634,0,0,1,113306,0,0,0,6090,0,0,0,30598,0,0
15,25615903,25615903,G,C,gnomAD Exomes,PASS,NA,p.Ser476Cys,p.Ser476Cys,c.1427C>G,missense_variant,segdup,1,250674,3.98924E-06,0,0,0,16072,0,0,0,34536,0,0,0,10068,0,0,0,18376,0,0,0,21636,0,0,1,113298,0,0,0,6092,0,0,0,30596,0,0
15,25615889,25615889,G,C,gnomAD Exomes,PASS,NA,p.Pro481Ala,p.Pro481Ala,c.1441C>G,missense_variant,segdup,1,250898,3.98568E-06,0,0,0,16136,0,0,0,34556,0,0,0,10072,0,0,0,18384,0,0,0,21638,0,0,1,113412,0,0,0,6100,0,0,0,30600,0,0
15,25615827,25615827,C,A,gnomAD Exomes,PASS,NA,p.Met501Ile,p.Met501Ile,c.1503G>T,missense_variant,segdup,1,251268,3.97981E-06,0,0,0,16250,0,0,0,34578,0,0,0,10076,0,0,1,18390,0,0,0,21638,0,0,0,113598,0,0,0,6128,0,0,0,30610,0,0
15,25615798,25615798,T,C,gnomAD Exomes,PASS,NA,p.Tyr511Cys,p.Tyr511Cys,c.1532A>G,missense_variant,segdup,1,251280,3.97962E-06,0,0,0,16256,0,0,1,34586,0,0,0,10078,0,0,0,18390,0,0,0,21636,0,0,0,113598,0,0,0,6126,0,0,0,30610,0,0
15,25615780,25615780,T,C,gnomAD Exomes,PASS,NA,p.Gln517Arg,p.Gln517Arg,c.1550A>G,missense_variant,segdup,1,251264,3.97988E-06,0,0,0,16256,0,0,1,34586,0,0,0,10078,0,0,0,18394,0,0,0,21638,0,0,0,113574,0,0,0,6128,0,0,0,30610,0,0
15,25615753,25615753,T,C,gnomAD Exomes,PASS,NA,p.Lys526Arg,p.Lys526Arg,c.1577A>G,missense_variant,segdup,2,251268,7.95963E-06,0,0,0,16256,0,0,2,34586,0,0,0,10076,0,0,0,18394,0,0,0,21644,0,0,0,113570,0,0,0,6130,0,0,0,30612,0,0
15,25615715,25615715,G,A,gnomAD Exomes,PASS,NA,p.Arg539Trp,p.Arg539Trp,c.1615C>T,missense_variant,segdup,1,251140,3.98184E-06,0,0,0,16254,0,0,1,34590,0,0,0,10074,0,0,0,18392,0,0,0,21642,0,0,0,113450,0,0,0,6124,0,0,0,30614,0,0
15,25615714,25615714,C,T,gnomAD Exomes,PASS,NA,p.Arg539Gln,p.Arg539Gln,c.1616G>A,missense_variant,segdup,4,251138,1.59275E-05,0,0,0,16256,0,0,1,34590,0,0,0,10074,0,0,0,18394,0,0,1,21642,0,0,2,113440,0,0,0,6128,0,0,0,30614,0,0
15,25605662,25605662,C,T,gnomAD Exomes,PASS,NA,p.Ala544Thr,p.Ala544Thr,c.1630G>A,missense_variant,segdup,1,250914,3.98543E-06,0,0,0,16244,0,0,0,34566,0,0,0,10076,0,0,0,18378,0,0,0,21380,0,0,1,113544,0,0,0,6124,0,0,0,30602,0,0
15,25605659,25605659,T,C,gnomAD Exomes,PASS,NA,p.Met545Val,p.Met545Val,c.1633A>G,missense_variant,segdup,1,251048,3.9833E-06,0,0,0,16248,0,0,0,34574,0,0,0,10078,0,0,0,18384,0,0,0,21440,0,0,1,113594,0,0,0,6124,0,0,0,30606,0,0
15,25602026,25602026,C,G,gnomAD Exomes,PASS,NA,p.Glu594Gln,p.Glu594Gln,c.1780G>C,missense_variant,segdup,2,251086,7.9654E-06,0,0,0,16164,0,0,0,34574,0,0,0,10072,0,0,0,18394,0,0,0,21640,0,0,2,113520,0,0,0,6110,0,0,0,30612,0,0
15,25602023,25602023,A,T,gnomAD Exomes,PASS,NA,p.Ser595Thr,p.Ser595Thr,c.1783T>A,missense_variant,segdup,1,251140,3.98184E-06,0,0,0,16180,0,0,0,34574,0,0,0,10072,0,0,0,18394,0,0,0,21644,0,0,1,113548,0,0,0,6114,0,0,0,30614,0,0
15,25601995,25601995,G,C,gnomAD Exomes,PASS,NA,p.Ser604Cys,p.Ser604Cys,c.1811C>G,missense_variant,segdup,1,251334,3.97877E-06,0,0,0,16232,0,0,0,34592,0,0,0,10074,0,0,0,18394,0,0,0,21646,0,0,1,113654,0,0,0,6126,0,0,0,30616,0,0
15,25601957,25601957,T,C,gnomAD Exomes,PASS,NA,p.Ile617Val,p.Ile617Val,c.1849A>G,missense_variant,segdup,1,251400,3.97772E-06,0,0,0,16246,0,0,0,34592,0,0,0,10078,0,0,0,18394,0,0,0,21648,0,0,1,113694,0,0,0,6132,0,0,0,30616,0,0
15,25601915,25601915,C,T,gnomAD Exomes,PASS,NA,p.Val631Ile,p.Val631Ile,c.1891G>A,missense_variant,segdup,1,251400,3.97772E-06,0,0,0,16250,0,0,0,34590,0,0,0,10078,0,0,0,18394,0,0,0,21646,0,0,1,113698,0,0,0,6128,0,0,0,30616,0,0
15,25601867,25601867,T,C,gnomAD Exomes,PASS,NA,p.Thr647Ala,p.Thr647Ala,c.1939A>G,missense_variant,segdup,2,251402,7.95539E-06,0,0,0,16244,0,0,0,34586,0,0,0,10080,0,0,0,18394,0,0,0,21646,0,0,1,113706,0,0,0,6132,0,0,1,30614,0,0
15,25601861,25601861,G,T,gnomAD Exomes,PASS,NA,p.Arg649Ser,p.Arg649Ser,c.1945C>A,missense_variant,segdup,3,251382,1.1934E-05,0,0,0,16232,0,0,0,34588,0,0,0,10080,0,0,0,18394,0,0,0,21646,0,0,0,113694,0,0,0,6134,0,0,3,30614,0,0
15,25601860,25601860,C,A,gnomAD Exomes,PASS,NA,p.Arg649Leu,p.Arg649Leu,c.1946G>T,missense_variant,segdup,1,251382,3.97801E-06,0,0,0,16236,0,0,0,34586,0,0,0,10080,0,0,1,18394,0,0,0,21646,0,0,0,113694,0,0,0,6132,0,0,0,30614,0,0
15,25601860,25601860,C,T,gnomAD Exomes,PASS,NA,p.Arg649His,p.Arg649His,c.1946G>A,missense_variant,segdup,2,251382,7.95602E-06,0,0,0,16236,0,0,1,34586,0,0,0,10080,0,0,0,18394,0,0,0,21646,0,0,1,113694,0,0,0,6132,0,0,0,30614,0,0
15,25601852,25601852,C,T,gnomAD Exomes,PASS,NA,p.Gly652Arg,p.Gly652Arg,c.1954G>A,missense_variant,segdup,2,251350,7.95703E-06,0,0,0,16230,0,0,1,34584,0,0,0,10080,0,0,0,18392,0,0,0,21646,0,0,1,113676,0,0,0,6130,0,0,0,30612,0,0
15,25601200,25601200,G,T,gnomAD Exomes,PASS,NA,p.Leu658Ile,p.Leu658Ile,c.1972C>A,missense_variant,,1,250978,3.98441E-06,0,0,0,16226,0,0,0,34586,0,0,0,10072,0,0,0,18394,0,0,0,21620,0,0,1,113354,0,0,0,6120,0,0,0,30606,0,0
15,25601179,25601179,A,C,gnomAD Exomes,PASS,NA,p.Leu665Val,p.Leu665Val,c.1993T>G,missense_variant,segdup,1,251232,3.98038E-06,0,0,0,16256,0,0,0,34588,0,0,0,10074,0,0,1,18394,0,0,0,21640,0,0,0,113538,0,0,0,6130,0,0,0,30612,0,0
15,25601172,25601172,T,G,gnomAD Exomes,PASS,NA,p.Glu667Ala,p.Glu667Ala,c.2000A>C,missense_variant,segdup,1,251264,3.97988E-06,0,0,0,16256,0,0,0,34588,0,0,0,10074,0,0,0,18394,0,0,0,21642,0,0,0,113570,0,0,0,6128,0,0,1,30612,0,0
15,25601167,25601167,C,T,gnomAD Exomes,PASS,NA,p.Glu669Lys,p.Glu669Lys,c.2005G>A,missense_variant,segdup,1,251266,3.97985E-06,0,0,0,16254,0,0,0,34586,0,0,0,10076,0,0,0,18394,0,0,0,21640,0,0,1,113578,0,0,0,6128,0,0,0,30610,0,0
15,25601160,25601160,T,C,gnomAD Exomes,PASS,NA,p.Asn671Ser,p.Asn671Ser,c.2012A>G,missense_variant,segdup,1,251282,3.97959E-06,0,0,0,16254,0,0,0,34586,0,0,0,10076,0,0,0,18394,0,0,1,21642,0,0,0,113592,0,0,0,6128,0,0,0,30610,0,0
15,25601154,25601154,T,G,gnomAD Exomes,PASS,NA,p.Glu673Ala,p.Glu673Ala,c.2018A>C,missense_variant,segdup,1,251300,3.97931E-06,0,0,0,16254,0,0,0,34586,0,0,0,10078,0,0,0,18394,0,0,0,21644,0,0,0,113604,0,0,0,6128,0,0,1,30612,0,0
15,25601141,25601141,C,T,gnomAD Exomes,PASS,NA,p.Met677Ile,p.Met677Ile,c.2031G>A,missense_variant,segdup,1,251302,3.97928E-06,0,0,1,16252,0,0,0,34586,0,0,0,10078,0,0,0,18394,0,0,0,21644,0,0,0,113608,0,0,0,6130,0,0,0,30610,0,0
15,25601136,25601136,G,C,gnomAD Exomes,PASS,NA,p.Thr679Ser,p.Thr679Ser,c.2036C>G,missense_variant,segdup,2,251298,7.95868E-06,0,0,0,16252,0,0,0,34588,0,0,0,10078,0,0,0,18390,0,0,0,21646,0,0,0,113604,0,0,0,6130,0,0,2,30610,0,0
15,25601098,25601098,T,C,gnomAD Exomes,PASS,NA,p.Met692Val,p.Met692Val,c.2074A>G,missense_variant,segdup,5,251294,1.9897E-05,0,0,0,16250,0,0,0,34588,0,0,0,10076,0,0,0,18392,0,0,0,21646,0,0,3,113610,0,0,0,6126,0,0,2,30606,0,0
15,25601095,25601095,T,A,gnomAD Exomes,PASS,NA,p.Met693Leu,p.Met693Leu,c.2077A>T,missense_variant,segdup,1,251286,3.97953E-06,0,0,0,16250,0,0,0,34582,0,0,0,10076,0,0,0,18394,0,0,0,21644,0,0,0,113610,0,0,0,6124,0,0,1,30606,0,0
15,25601079,25601079,T,C,gnomAD Exomes,PASS,NA,p.Glu698Gly,p.Glu698Gly,c.2093A>G,missense_variant,segdup,1,251226,3.98048E-06,0,0,0,16248,0,0,0,34574,0,0,0,10076,0,0,0,18394,0,0,0,21638,0,0,1,113570,0,0,0,6124,0,0,0,30602,0,0
15,25601067,25601067,T,G,"gnomAD Exomes,gnomAD Genomes",PASS,PASS,p.Lys702Thr,p.Lys702Thr,c.2105A>C,missense_variant,segdup,26,282530,9.20256E-05,0,0,0,24948,0,0,3,35410,0,0,0,10364,0,0,0,19944,0,0,0,25118,0,0,22,128950,0,0,1,7204,0,0,0,30592,0,0
15,25601059,25601059,T,C,"gnomAD Exomes,gnomAD Genomes",PASS,PASS,p.Ile705Val,p.Ile705Val,c.2113A>G,missense_variant,segdup,2,282498,7.0797E-06,0,0,0,24950,0,0,0,35412,0,0,0,10362,0,0,0,19942,0,0,0,25114,0,0,2,128914,0,0,0,7206,0,0,0,30598,0,0
15,25601049,25601049,T,C,"gnomAD Exomes,gnomAD Genomes",PASS,PASS,p.Glu708Gly,p.Glu708Gly,c.2123A>G,missense_variant,segdup,3,282516,1.06189E-05,0,0,3,24950,0,0,0,35410,0,0,0,10366,0,0,0,19948,0,0,0,25110,0,0,0,128926,0,0,0,7200,0,0,0,30606,0,0
15,25599824,25599824,C,T,gnomAD Exomes,PASS,NA,p.Val714Ile,p.Val714Ile,c.2140G>A,missense_variant,segdup,1,249054,4.01519E-06,0,0,0,15808,0,0,0,34454,0,0,0,10050,0,0,0,18300,0,0,0,20978,0,0,0,112848,0,0,1,6054,0,0,0,30562,0,0
15,25599820,25599820,T,C,"gnomAD Exomes,gnomAD Genomes",PASS,PASS,p.Asn715Ser,p.Asn715Ser,c.2144A>G,missense_variant,segdup,3,280738,1.06861E-05,0,0,0,24572,0,0,0,35324,0,0,0,10346,0,0,0,19870,0,0,0,24536,0,0,3,128362,0,0,0,7156,0,0,0,30572,0,0
15,25599815,25599815,A,G,gnomAD Exomes,PASS,NA,p.Tyr717His,p.Tyr717His,c.2149T>C,missense_variant,segdup,1,249504,4.00795E-06,0,0,0,15886,0,0,1,34474,0,0,0,10058,0,0,0,18318,0,0,0,21118,0,0,0,112998,0,0,0,6074,0,0,0,30578,0,0
15,25599788,25599788,C,A,gnomAD Exomes,PASS,NA,p.Val726Leu,p.Val726Leu,c.2176G>T,missense_variant,segdup,1,250622,3.99007E-06,0,0,0,16122,0,0,0,34544,0,0,0,10064,0,0,0,18346,0,0,0,21440,0,0,1,113404,0,0,0,6104,0,0,0,30598,0,0
15,25599787,25599787,A,G,gnomAD Exomes,PASS,NA,p.Val726Ala,p.Val726Ala,c.2177T>C,missense_variant,segdup,1,250666,3.98937E-06,0,0,0,16126,0,0,0,34548,0,0,0,10068,0,0,0,18350,0,0,0,21454,0,0,1,113418,0,0,0,6104,0,0,0,30598,0,0
15,25599778,25599778,T,G,gnomAD Exomes,PASS,NA,p.Gln729Pro,p.Gln729Pro,c.2186A>C,missense_variant,segdup,1,250830,3.98676E-06,0,0,0,16162,0,0,0,34558,0,0,0,10076,0,0,0,18368,0,0,0,21484,0,0,0,113476,0,0,0,6112,0,0,1,30594,0,0
15,25599776,25599776,A,G,gnomAD Exomes,PASS,NA,p.Phe730Leu,p.Phe730Leu,c.2188T>C,missense_variant,segdup,3,250884,1.19577E-05,0,0,0,16166,0,0,2,34560,0,0,0,10076,0,0,0,18370,0,0,0,21496,0,0,1,113504,0,0,0,6114,0,0,0,30598,0,0
15,25599770,25599770,C,T,gnomAD Exomes,PASS,NA,p.Ala732Thr,p.Ala732Thr,c.2194G>A,missense_variant,segdup,1,250982,3.98435E-06,0,0,0,16186,0,0,0,34568,0,0,0,10076,0,0,0,18370,0,0,1,21518,0,0,0,113542,0,0,0,6122,0,0,0,30600,0,0
15,25599752,25599752,G,C,gnomAD Exomes,PASS,NA,p.His738Asp,p.His738Asp,c.2212C>G,missense_variant,segdup,1,251146,3.98175E-06,0,0,0,16216,0,0,0,34582,0,0,0,10078,0,0,0,18370,0,0,0,21556,0,0,0,113608,0,0,0,6128,0,0,1,30608,0,0
15,25599742,25599742,G,A,gnomAD Exomes,PASS,NA,p.Thr741Ile,p.Thr741Ile,c.2222C>T,missense_variant,segdup,2,251140,7.96369E-06,0,0,0,16216,0,0,2,34584,0,0,0,10078,0,0,0,18382,0,0,0,21540,0,0,0,113604,0,0,0,6128,0,0,0,30608,0,0
15,25599739,25599739,T,C,gnomAD Exomes,PASS,NA,p.Asn742Ser,p.Asn742Ser,c.2225A>G,missense_variant,segdup,2,251182,7.96235E-06,0,0,0,16214,0,0,0,34588,0,0,0,10078,0,0,1,18386,0,0,0,21554,0,0,1,113626,0,0,0,6128,0,0,0,30608,0,0
15,25599679,25599679,C,T,gnomAD Exomes,PASS,NA,p.Ser762Asn,p.Ser762Asn,c.2285G>A,missense_variant,segdup,2,251278,7.95931E-06,0,0,0,16244,0,0,2,34588,0,0,0,10078,0,0,0,18392,0,0,0,21592,0,0,0,113646,0,0,0,6128,0,0,0,30610,0,0
15,25599677,25599677,G,A,gnomAD Exomes,PASS,NA,p.Arg763Trp,p.Arg763Trp,c.2287C>T,missense_variant,segdup,1,251248,3.98013E-06,0,0,0,16248,0,0,0,34590,0,0,0,10078,0,0,0,18392,0,0,0,21584,0,0,0,113618,0,0,0,6128,0,0,1,30610,0,0
15,25599676,25599676,C,T,gnomAD Exomes,PASS,NA,p.Arg763Gln,p.Arg763Gln,c.2288G>A,missense_variant,segdup,1,251248,3.98013E-06,0,0,0,16250,0,0,0,34590,0,0,0,10078,0,0,0,18392,0,0,0,21582,0,0,0,113620,0,0,0,6126,0,0,1,30610,0,0
15,25599571,25599571,A,T,gnomAD Exomes,PASS,NA,p.Asn764Lys,p.Asn764Lys,c.2292T>A,missense_variant,segdup,1,251326,3.9789E-06,0,0,0,16256,0,0,1,34586,0,0,0,10072,0,0,0,18388,0,0,0,21632,0,0,0,113656,0,0,0,6126,0,0,0,30610,0,0
15,25599570,25599570,G,C,gnomAD Exomes,PASS,NA,p.Leu765Val,p.Leu765Val,c.2293C>G,missense_variant,segdup,1,251282,3.97959E-06,0,0,0,16254,0,0,0,34586,0,0,0,10074,0,0,0,18384,0,0,0,21630,0,0,1,113618,0,0,0,6128,0,0,0,30608,0,0
15,25599560,25599560,T,C,gnomAD Exomes,PASS,NA,p.Gln768Arg,p.Gln768Arg,c.2303A>G,missense_variant,segdup,1,251328,3.97886E-06,0,0,0,16256,0,0,0,34582,0,0,0,10074,0,0,1,18388,0,0,0,21634,0,0,0,113654,0,0,0,6130,0,0,0,30610,0,0
15,25599510,25599510,C,T,gnomAD Exomes,PASS,NA,p.Val785Ile,p.Val785Ile,c.2353G>A,missense_variant,segdup,3,251316,1.19372E-05,0,0,1,16256,0,0,0,34584,0,0,0,10076,0,0,0,18388,0,0,0,21640,0,0,2,113634,0,0,0,6128,0,0,0,30610,0,0
15,25585359,25585359,C,T,gnomAD Exomes,PASS,NA,p.Val794Ile,p.Val794Ile,c.2380G>A,missense_variant,segdup,1,251030,3.98359E-06,0,0,0,16242,0,0,0,34590,0,0,0,10080,0,0,0,18390,0,0,0,21294,0,0,1,113694,0,0,0,6130,0,0,0,30610,0,0
15,25585342,25585342,A,C,gnomAD Exomes,PASS,NA,p.Asp799Glu,p.Asp799Glu,c.2397T>G,missense_variant,segdup,1,251326,3.9789E-06,0,0,1,16252,0,0,0,34592,0,0,0,10080,0,0,0,18388,0,0,0,21548,0,0,0,113722,0,0,0,6132,0,0,0,30612,0,0
15,25585339,25585339,T,A,gnomAD Genomes,NA,PASS,p.Glu800Asp,p.Glu800Asp,c.2400A>T,missense_variant,segdup,1,31394,3.18532E-05,0,0,0,8708,0,0,0,846,0,0,0,290,0,0,0,1560,0,0,0,3476,0,0,1,15432,0,0,0,1082,0,0,0,0,0,0
15,25585331,25585331,C,T,gnomAD Genomes,NA,PASS,p.Arg803Lys,p.Arg803Lys,c.2408G>A,missense_variant,segdup,1,31388,3.18593E-05,0,0,0,8712,0,0,0,846,0,0,0,290,0,0,0,1560,0,0,0,3476,0,0,1,15422,0,0,0,1082,0,0,0,0,0,0
15,25585330,25585330,T,A,gnomAD Genomes,NA,PASS,p.Arg803Ser,p.Arg803Ser,c.2409A>T,missense_variant,segdup,1,31376,3.18715E-05,0,0,0,8702,0,0,0,848,0,0,0,290,0,0,1,1560,0,0,0,3474,0,0,0,15420,0,0,0,1082,0,0,0,0,0,0
15,25585310,25585310,G,A,gnomAD Exomes,PASS,NA,p.Thr810Met,p.Thr810Met,c.2429C>T,missense_variant,segdup,1,251406,3.97763E-06,0,0,0,16254,0,0,0,34592,0,0,0,10078,0,0,0,18388,0,0,0,21636,0,0,1,113714,0,0,0,6136,0,0,0,30608,0,0
15,25585310,25585310,G,C,gnomAD Exomes,PASS,NA,p.Thr810Arg,p.Thr810Arg,c.2429C>G,missense_variant,segdup,1,251406,3.97763E-06,0,0,0,16254,0,0,0,34592,0,0,0,10078,0,0,0,18388,0,0,0,21636,0,0,1,113714,0,0,0,6136,0,0,0,30608,0,0
15,25585268,25585268,T,C,gnomAD Exomes,PASS,NA,p.Lys824Arg,p.Lys824Arg,c.2471A>G,missense_variant,segdup,1,251446,3.977E-06,0,0,0,16252,0,0,0,34592,0,0,0,10080,0,0,0,18392,0,0,0,21648,0,0,0,113736,0,0,0,6136,0,0,1,30610,0,0
15,25585266,25585266,T,A,gnomAD Exomes,PASS,NA,p.Met825Leu,p.Met825Leu,c.2473A>T,missense_variant,segdup,1,251436,3.97716E-06,0,0,0,16252,0,0,1,34592,0,0,0,10078,0,0,0,18390,0,0,0,21648,0,0,0,113730,0,0,0,6136,0,0,0,30610,0,0
15,25585252,25585252,T,G,gnomAD Genomes,NA,PASS,p.Lys829Asn,p.Lys829Asn,c.2487A>C,missense_variant,segdup,1,31394,3.18532E-05,0,0,1,8706,0,0,0,848,0,0,0,290,0,0,0,1558,0,0,0,3476,0,0,0,15428,0,0,0,1088,0,0,0,0,0,0
15,25584346,25584346,C,G,gnomAD Genomes,NA,PASS,p.Glu856Gln,p.Glu856Gln,c.2566G>C,missense_variant,segdup,1,30144,3.31741E-05,0,0,0,8544,0,0,0,812,0,0,0,288,0,0,0,1538,0,0,0,3104,0,0,1,14826,0,0,0,1032,0,0,0,0,0,0
15,25584336,25584336,T,C,gnomAD Exomes,PASS,NA,p.Lys859Arg,p.Lys859Arg,c.2576A>G,missense_variant,segdup,1,248150,4.02982E-06,0,0,0,16210,0,0,0,34486,0,0,0,10050,0,0,0,18330,0,0,0,21542,0,0,1,110910,0,0,0,6092,0,0,0,30530,0,0
15,25584312,25584312,G,A,gnomAD Exomes,PASS,NA,p.Thr867Met,p.Thr867Met,c.2600C>T,missense_variant,segdup,1,244876,4.0837E-06,0,0,0,15928,0,0,0,34082,0,0,1,9982,0,0,0,18082,0,0,0,21364,0,0,0,109222,0,0,0,6022,0,0,0,30194,0,0
